"Name","Created","Runtime","GitHub","End Time","Hostname","ID","Notes","GPU Type","GPU Count","State","Updated","Tags","nb_timesteps","problemclass_eval","problemclass_train","exploration_fraction","optimization_mode","reward_system","agent_score","all_optimizers_scores.Adam","all_optimizers_scores.RMSprop","all_optimizers_scores.SGD","all_optimizers_scores.agent"
"neat-vortex-357","2022-11-30T07:58:38.000Z","30","https://github.com/tidiane-camaret/autoML_switch_opt/tree/0b36a3913ab5f75acb0bee304e113507ca183309","2022-11-30T07:59:08.000Z","vs2-0","59obc8zb","-","NVIDIA GeForce RTX 3090","2","failed","2022-11-30T07:59:08.000Z","","10000","NoisyHillsProblem","NoisyHillsProblem","0.1","soft","function","","","","",""
"crisp-dream-356","2022-11-30T04:16:51.000Z","143","https://github.com/tidiane-camaret/autoML_switch_opt/tree/0b36a3913ab5f75acb0bee304e113507ca183309","2022-11-30T04:19:14.000Z","vs2-0","zfhw197m","-","NVIDIA GeForce RTX 3090","2","finished","2022-11-30T04:19:14.000Z","","10000","NormProblem","all_except_eval","0.5","soft","function","0.876","0.006","0.118","0","0.876"
"wild-eon-355","2022-11-30T04:14:28.000Z","141","https://github.com/tidiane-camaret/autoML_switch_opt/tree/0b36a3913ab5f75acb0bee304e113507ca183309","2022-11-30T04:16:49.000Z","vs2-0","371t34y3","-","NVIDIA GeForce RTX 3090","2","finished","2022-11-30T04:16:49.000Z","","10000","NormProblem","all_except_eval","0.5","soft","function","0.854","0.006","0.14","0","0.854"
"wild-armadillo-354","2022-11-30T04:12:03.000Z","142","https://github.com/tidiane-camaret/autoML_switch_opt/tree/0b36a3913ab5f75acb0bee304e113507ca183309","2022-11-30T04:14:25.000Z","vs2-0","2hlw9d65","-","NVIDIA GeForce RTX 3090","2","finished","2022-11-30T04:14:25.000Z","","10000","NormProblem","all_except_eval","0.5","soft","function","0.894","0","0.106","0","0.894"
"toasty-sponge-353","2022-11-30T04:09:38.000Z","142","https://github.com/tidiane-camaret/autoML_switch_opt/tree/0b36a3913ab5f75acb0bee304e113507ca183309","2022-11-30T04:12:00.000Z","vs2-0","2z2gneo9","-","NVIDIA GeForce RTX 3090","2","finished","2022-11-30T04:12:00.000Z","","10000","NormProblem","all_except_eval","0.5","soft","function","0.876","0.006","0.118","0","0.876"
"warm-vortex-352","2022-11-30T04:07:13.000Z","142","https://github.com/tidiane-camaret/autoML_switch_opt/tree/0b36a3913ab5f75acb0bee304e113507ca183309","2022-11-30T04:09:35.000Z","vs2-0","171banx7","-","NVIDIA GeForce RTX 3090","2","finished","2022-11-30T04:09:35.000Z","","10000","NormProblem","all_except_eval","0.5","soft","function","0.892","0","0.108","0","0.892"
"ruby-darkness-351","2022-11-30T04:04:09.000Z","181","https://github.com/tidiane-camaret/autoML_switch_opt/tree/0b36a3913ab5f75acb0bee304e113507ca183309","2022-11-30T04:07:10.000Z","vs2-0","27cuz043","-","NVIDIA GeForce RTX 3090","2","finished","2022-11-30T04:07:10.000Z","","10000","AckleyProblem","all_except_eval","0.5","soft","function","0.374","0.002","0.592","0.032","0.374"
"dandy-sun-350","2022-11-30T04:01:05.000Z","182","https://github.com/tidiane-camaret/autoML_switch_opt/tree/0b36a3913ab5f75acb0bee304e113507ca183309","2022-11-30T04:04:07.000Z","vs2-0","13wvt9vb","-","NVIDIA GeForce RTX 3090","2","finished","2022-11-30T04:04:07.000Z","","10000","AckleyProblem","all_except_eval","0.5","soft","function","0.356","0.006","0.598","0.04","0.356"
"wandering-rain-349","2022-11-30T03:58:00.000Z","183","https://github.com/tidiane-camaret/autoML_switch_opt/tree/0b36a3913ab5f75acb0bee304e113507ca183309","2022-11-30T04:01:03.000Z","vs2-0","3rzh14qk","-","NVIDIA GeForce RTX 3090","2","finished","2022-11-30T04:01:03.000Z","","10000","AckleyProblem","all_except_eval","0.5","soft","function","0.354","0","0.6","0.046","0.354"
"rare-cherry-348","2022-11-30T03:54:57.000Z","181","https://github.com/tidiane-camaret/autoML_switch_opt/tree/0b36a3913ab5f75acb0bee304e113507ca183309","2022-11-30T03:57:58.000Z","vs2-0","31tonub2","-","NVIDIA GeForce RTX 3090","2","finished","2022-11-30T03:57:58.000Z","","10000","AckleyProblem","all_except_eval","0.5","soft","function","0.392","0.002","0.554","0.052","0.392"
"sleek-bee-347","2022-11-30T03:51:52.000Z","183","https://github.com/tidiane-camaret/autoML_switch_opt/tree/0b36a3913ab5f75acb0bee304e113507ca183309","2022-11-30T03:54:55.000Z","vs2-0","1b5f27qw","-","NVIDIA GeForce RTX 3090","2","finished","2022-11-30T03:54:55.000Z","","10000","AckleyProblem","all_except_eval","0.5","soft","function","0.35","0.002","0.604","0.044","0.35"
"generous-lion-346","2022-11-30T03:49:07.000Z","163","https://github.com/tidiane-camaret/autoML_switch_opt/tree/0b36a3913ab5f75acb0bee304e113507ca183309","2022-11-30T03:51:50.000Z","vs2-0","mkzc4pvp","-","NVIDIA GeForce RTX 3090","2","finished","2022-11-30T03:51:50.000Z","","10000","RastriginProblem","all_except_eval","0.5","soft","function","0.464","0.006","0.53","0","0.464"
"revived-forest-345","2022-11-30T03:46:20.000Z","165","https://github.com/tidiane-camaret/autoML_switch_opt/tree/0b36a3913ab5f75acb0bee304e113507ca183309","2022-11-30T03:49:05.000Z","vs2-0","3d2uyge2","-","NVIDIA GeForce RTX 3090","2","finished","2022-11-30T03:49:05.000Z","","10000","RastriginProblem","all_except_eval","0.5","soft","function","0.498","0.012","0.49","0","0.498"
"glamorous-tree-344","2022-11-30T03:43:32.000Z","165","https://github.com/tidiane-camaret/autoML_switch_opt/tree/0b36a3913ab5f75acb0bee304e113507ca183309","2022-11-30T03:46:17.000Z","vs2-0","1om8givc","-","NVIDIA GeForce RTX 3090","2","finished","2022-11-30T03:46:17.000Z","","10000","RastriginProblem","all_except_eval","0.5","soft","function","0.432","0.01","0.558","0","0.432"
"earnest-bush-343","2022-11-30T03:40:47.000Z","163","https://github.com/tidiane-camaret/autoML_switch_opt/tree/0b36a3913ab5f75acb0bee304e113507ca183309","2022-11-30T03:43:30.000Z","vs2-0","3nw8o2rh","-","NVIDIA GeForce RTX 3090","2","finished","2022-11-30T03:43:30.000Z","","10000","RastriginProblem","all_except_eval","0.5","soft","function","0.486","0.018","0.496","0","0.486"
"ethereal-plasma-342","2022-11-30T03:38:01.000Z","164","https://github.com/tidiane-camaret/autoML_switch_opt/tree/0b36a3913ab5f75acb0bee304e113507ca183309","2022-11-30T03:40:45.000Z","vs2-0","3tolvjua","-","NVIDIA GeForce RTX 3090","2","finished","2022-11-30T03:40:45.000Z","","10000","RastriginProblem","all_except_eval","0.5","soft","function","0.48","0.006","0.514","0","0.48"
"colorful-meadow-341","2022-11-30T03:33:29.000Z","269","https://github.com/tidiane-camaret/autoML_switch_opt/tree/0b36a3913ab5f75acb0bee304e113507ca183309","2022-11-30T03:37:58.000Z","vs2-0","f4zu2yg8","-","NVIDIA GeForce RTX 3090","2","finished","2022-11-30T03:37:58.000Z","","10000","GaussianHillsProblem","all_except_eval","0.5","soft","function","0.68","0.01","0.264","0.046","0.68"
"unique-night-340","2022-11-30T03:28:53.000Z","273","https://github.com/tidiane-camaret/autoML_switch_opt/tree/0b36a3913ab5f75acb0bee304e113507ca183309","2022-11-30T03:33:26.000Z","vs2-0","tcyqm0ip","-","NVIDIA GeForce RTX 3090","2","finished","2022-11-30T03:33:26.000Z","","10000","GaussianHillsProblem","all_except_eval","0.5","soft","function","0.578","0.022","0.342","0.058","0.578"
"cosmic-terrain-339","2022-11-30T03:24:22.000Z","269","https://github.com/tidiane-camaret/autoML_switch_opt/tree/0b36a3913ab5f75acb0bee304e113507ca183309","2022-11-30T03:28:51.000Z","vs2-0","287mzbi0","-","NVIDIA GeForce RTX 3090","2","finished","2022-11-30T03:28:51.000Z","","10000","GaussianHillsProblem","all_except_eval","0.5","soft","function","0.634","0.01","0.322","0.034","0.634"
"exalted-oath-338","2022-11-30T03:19:51.000Z","269","https://github.com/tidiane-camaret/autoML_switch_opt/tree/0b36a3913ab5f75acb0bee304e113507ca183309","2022-11-30T03:24:20.000Z","vs2-0","38i56t3u","-","NVIDIA GeForce RTX 3090","2","finished","2022-11-30T03:24:20.000Z","","10000","GaussianHillsProblem","all_except_eval","0.5","soft","function","0.702","0.01","0.244","0.044","0.702"
"sandy-dust-337","2022-11-30T03:15:20.000Z","268","https://github.com/tidiane-camaret/autoML_switch_opt/tree/0b36a3913ab5f75acb0bee304e113507ca183309","2022-11-30T03:19:48.000Z","vs2-0","342kfsrm","-","NVIDIA GeForce RTX 3090","2","finished","2022-11-30T03:19:48.000Z","","10000","GaussianHillsProblem","all_except_eval","0.5","soft","function","0.692","0.02","0.244","0.044","0.692"
"valiant-water-336","2022-11-30T03:12:22.000Z","175","https://github.com/tidiane-camaret/autoML_switch_opt/tree/0b36a3913ab5f75acb0bee304e113507ca183309","2022-11-30T03:15:17.000Z","vs2-0","cjjol3be","-","NVIDIA GeForce RTX 3090","2","finished","2022-11-30T03:15:17.000Z","","10000","NoisyHillsProblem","all_except_eval","0.5","soft","function","0.636","0.018","0.344","0.002","0.636"
"worthy-yogurt-335","2022-11-30T03:09:23.000Z","176","https://github.com/tidiane-camaret/autoML_switch_opt/tree/0b36a3913ab5f75acb0bee304e113507ca183309","2022-11-30T03:12:19.000Z","vs2-0","2qux0v2o","-","NVIDIA GeForce RTX 3090","2","finished","2022-11-30T03:12:19.000Z","","10000","NoisyHillsProblem","all_except_eval","0.5","soft","function","0.628","0.022","0.344","0.006","0.628"
"toasty-salad-334","2022-11-30T03:06:26.000Z","174","https://github.com/tidiane-camaret/autoML_switch_opt/tree/0b36a3913ab5f75acb0bee304e113507ca183309","2022-11-30T03:09:20.000Z","vs2-0","1yim7zkh","-","NVIDIA GeForce RTX 3090","2","finished","2022-11-30T03:09:20.000Z","","10000","NoisyHillsProblem","all_except_eval","0.5","soft","function","0.668","0.028","0.3","0.004","0.668"
"scarlet-wildflower-333","2022-11-30T03:03:29.000Z","174","https://github.com/tidiane-camaret/autoML_switch_opt/tree/0b36a3913ab5f75acb0bee304e113507ca183309","2022-11-30T03:06:23.000Z","vs2-0","2cec9yot","-","NVIDIA GeForce RTX 3090","2","finished","2022-11-30T03:06:23.000Z","","10000","NoisyHillsProblem","all_except_eval","0.5","soft","function","0.668","0.012","0.316","0.004","0.668"
"genial-moon-332","2022-11-30T03:00:32.000Z","174","https://github.com/tidiane-camaret/autoML_switch_opt/tree/0b36a3913ab5f75acb0bee304e113507ca183309","2022-11-30T03:03:26.000Z","vs2-0","ost9j93p","-","NVIDIA GeForce RTX 3090","2","finished","2022-11-30T03:03:26.000Z","","10000","NoisyHillsProblem","all_except_eval","0.5","soft","function","0.71","0.014","0.272","0.004","0.71"
"cool-voice-331","2022-11-30T02:58:54.000Z","95","https://github.com/tidiane-camaret/autoML_switch_opt/tree/0b36a3913ab5f75acb0bee304e113507ca183309","2022-11-30T03:00:29.000Z","vs2-0","1t50o9dm","-","NVIDIA GeForce RTX 3090","2","finished","2022-11-30T03:00:29.000Z","","10000","NormProblem","none","0.5","soft","function","0.884","0.002","0.114","0","0.884"
"stellar-durian-330","2022-11-30T02:57:18.000Z","93","https://github.com/tidiane-camaret/autoML_switch_opt/tree/0b36a3913ab5f75acb0bee304e113507ca183309","2022-11-30T02:58:51.000Z","vs2-0","vrixiine","-","NVIDIA GeForce RTX 3090","2","finished","2022-11-30T02:58:51.000Z","","10000","NormProblem","none","0.5","soft","function","0.888","0.006","0.106","0","0.888"
"twilight-waterfall-329","2022-11-30T02:55:43.000Z","93","https://github.com/tidiane-camaret/autoML_switch_opt/tree/0b36a3913ab5f75acb0bee304e113507ca183309","2022-11-30T02:57:16.000Z","vs2-0","1n73exfn","-","NVIDIA GeForce RTX 3090","2","finished","2022-11-30T02:57:16.000Z","","10000","NormProblem","none","0.5","soft","function","0.908","0","0.092","0","0.908"
"devout-vortex-328","2022-11-30T02:54:08.000Z","93","https://github.com/tidiane-camaret/autoML_switch_opt/tree/0b36a3913ab5f75acb0bee304e113507ca183309","2022-11-30T02:55:41.000Z","vs2-0","q06nf8j3","-","NVIDIA GeForce RTX 3090","2","finished","2022-11-30T02:55:41.000Z","","10000","NormProblem","none","0.5","soft","function","0.9","0.002","0.098","0","0.9"
"resilient-disco-327","2022-11-30T02:52:28.000Z","97","https://github.com/tidiane-camaret/autoML_switch_opt/tree/0b36a3913ab5f75acb0bee304e113507ca183309","2022-11-30T02:54:05.000Z","vs2-0","314err7r","-","NVIDIA GeForce RTX 3090","2","finished","2022-11-30T02:54:05.000Z","","10000","NormProblem","none","0.5","soft","function","0.896","0.004","0.1","0","0.896"
"proud-darkness-326","2022-11-30T02:50:14.000Z","132","https://github.com/tidiane-camaret/autoML_switch_opt/tree/0b36a3913ab5f75acb0bee304e113507ca183309","2022-11-30T02:52:26.000Z","vs2-0","1a3ero5f","-","NVIDIA GeForce RTX 3090","2","finished","2022-11-30T02:52:26.000Z","","10000","AckleyProblem","none","0.5","soft","function","0.316","0.004","0.632","0.048","0.316"
"good-glade-325","2022-11-30T02:47:59.000Z","132","https://github.com/tidiane-camaret/autoML_switch_opt/tree/0b36a3913ab5f75acb0bee304e113507ca183309","2022-11-30T02:50:11.000Z","vs2-0","2din2mn2","-","NVIDIA GeForce RTX 3090","2","finished","2022-11-30T02:50:11.000Z","","10000","AckleyProblem","none","0.5","soft","function","0.342","0","0.616","0.042","0.342"
"expert-grass-324","2022-11-30T02:45:43.000Z","134","https://github.com/tidiane-camaret/autoML_switch_opt/tree/0b36a3913ab5f75acb0bee304e113507ca183309","2022-11-30T02:47:57.000Z","vs2-0","2rxgucgo","-","NVIDIA GeForce RTX 3090","2","finished","2022-11-30T02:47:57.000Z","","10000","AckleyProblem","none","0.5","soft","function","0.288","0.006","0.66","0.046","0.288"
"atomic-pond-323","2022-11-30T02:43:27.000Z","133","https://github.com/tidiane-camaret/autoML_switch_opt/tree/0b36a3913ab5f75acb0bee304e113507ca183309","2022-11-30T02:45:40.000Z","vs2-0","2pn5251o","-","NVIDIA GeForce RTX 3090","2","finished","2022-11-30T02:45:40.000Z","","10000","AckleyProblem","none","0.5","soft","function","0.322","0","0.622","0.056","0.322"
"sweet-sun-322","2022-11-30T02:41:09.000Z","135","https://github.com/tidiane-camaret/autoML_switch_opt/tree/0b36a3913ab5f75acb0bee304e113507ca183309","2022-11-30T02:43:24.000Z","vs2-0","3kd9yr42","-","NVIDIA GeForce RTX 3090","2","finished","2022-11-30T02:43:24.000Z","","10000","AckleyProblem","none","0.5","soft","function","0.338","0.002","0.614","0.046","0.338"
"legendary-fog-321","2022-11-30T02:39:13.000Z","114","https://github.com/tidiane-camaret/autoML_switch_opt/tree/0b36a3913ab5f75acb0bee304e113507ca183309","2022-11-30T02:41:07.000Z","vs2-0","p7foma63","-","NVIDIA GeForce RTX 3090","2","finished","2022-11-30T02:41:07.000Z","","10000","RastriginProblem","none","0.5","soft","function","0.416","0.014","0.57","0","0.416"
"cosmic-shape-320","2022-11-30T02:37:15.000Z","115","https://github.com/tidiane-camaret/autoML_switch_opt/tree/0b36a3913ab5f75acb0bee304e113507ca183309","2022-11-30T02:39:10.000Z","vs2-0","1wfe1qsd","-","NVIDIA GeForce RTX 3090","2","finished","2022-11-30T02:39:10.000Z","","10000","RastriginProblem","none","0.5","soft","function","0.414","0.016","0.57","0","0.414"
"vivid-planet-319","2022-11-30T02:35:17.000Z","115","https://github.com/tidiane-camaret/autoML_switch_opt/tree/0b36a3913ab5f75acb0bee304e113507ca183309","2022-11-30T02:37:12.000Z","vs2-0","1kps6e64","-","NVIDIA GeForce RTX 3090","2","finished","2022-11-30T02:37:12.000Z","","10000","RastriginProblem","none","0.5","soft","function","0.388","0.02","0.592","0","0.388"
"dainty-serenity-318","2022-11-30T02:33:18.000Z","116","https://github.com/tidiane-camaret/autoML_switch_opt/tree/0b36a3913ab5f75acb0bee304e113507ca183309","2022-11-30T02:35:14.000Z","vs2-0","pzlzvrc8","-","NVIDIA GeForce RTX 3090","2","finished","2022-11-30T02:35:14.000Z","","10000","RastriginProblem","none","0.5","soft","function","0.404","0.012","0.584","0","0.404"
"easy-cloud-317","2022-11-30T02:31:20.000Z","116","https://github.com/tidiane-camaret/autoML_switch_opt/tree/0b36a3913ab5f75acb0bee304e113507ca183309","2022-11-30T02:33:16.000Z","vs2-0","2fiaqnpj","-","NVIDIA GeForce RTX 3090","2","finished","2022-11-30T02:33:16.000Z","","10000","RastriginProblem","none","0.5","soft","function","0.376","0.018","0.606","0","0.376"
"fancy-dew-316","2022-11-30T02:27:39.000Z","218","https://github.com/tidiane-camaret/autoML_switch_opt/tree/0b36a3913ab5f75acb0bee304e113507ca183309","2022-11-30T02:31:17.000Z","vs2-0","55zrz71f","-","NVIDIA GeForce RTX 3090","2","finished","2022-11-30T02:31:17.000Z","","10000","GaussianHillsProblem","none","0.5","soft","function","0.594","0.026","0.318","0.062","0.594"
"usual-fog-315","2022-11-30T02:23:55.000Z","221","https://github.com/tidiane-camaret/autoML_switch_opt/tree/0b36a3913ab5f75acb0bee304e113507ca183309","2022-11-30T02:27:36.000Z","vs2-0","1jzgypbp","-","NVIDIA GeForce RTX 3090","2","finished","2022-11-30T02:27:36.000Z","","10000","GaussianHillsProblem","none","0.5","soft","function","0.588","0.022","0.326","0.064","0.588"
"rosy-wildflower-314","2022-11-30T02:20:11.000Z","222","https://github.com/tidiane-camaret/autoML_switch_opt/tree/0b36a3913ab5f75acb0bee304e113507ca183309","2022-11-30T02:23:53.000Z","vs2-0","1hbfhyr7","-","NVIDIA GeForce RTX 3090","2","finished","2022-11-30T02:23:53.000Z","","10000","GaussianHillsProblem","none","0.5","soft","function","0.626","0.022","0.31","0.042","0.626"
"driven-dawn-313","2022-11-30T02:16:29.000Z","219","https://github.com/tidiane-camaret/autoML_switch_opt/tree/0b36a3913ab5f75acb0bee304e113507ca183309","2022-11-30T02:20:08.000Z","vs2-0","1a9lvcpe","-","NVIDIA GeForce RTX 3090","2","finished","2022-11-30T02:20:08.000Z","","10000","GaussianHillsProblem","none","0.5","soft","function","0.594","0.022","0.328","0.056","0.594"
"tough-oath-312","2022-11-30T02:12:47.000Z","219","https://github.com/tidiane-camaret/autoML_switch_opt/tree/0b36a3913ab5f75acb0bee304e113507ca183309","2022-11-30T02:16:26.000Z","vs2-0","z5s8r3r1","-","NVIDIA GeForce RTX 3090","2","finished","2022-11-30T02:16:26.000Z","","10000","GaussianHillsProblem","none","0.5","soft","function","0.586","0.02","0.348","0.046","0.586"
"resilient-haze-311","2022-11-30T02:10:36.000Z","128","https://github.com/tidiane-camaret/autoML_switch_opt/tree/0b36a3913ab5f75acb0bee304e113507ca183309","2022-11-30T02:12:44.000Z","vs2-0","2tmpr3zs","-","NVIDIA GeForce RTX 3090","2","finished","2022-11-30T02:12:44.000Z","","10000","NoisyHillsProblem","none","0.5","soft","function","0.682","0.018","0.298","0.002","0.682"
"fiery-firebrand-310","2022-11-30T02:08:25.000Z","128","https://github.com/tidiane-camaret/autoML_switch_opt/tree/0b36a3913ab5f75acb0bee304e113507ca183309","2022-11-30T02:10:33.000Z","vs2-0","4stzxz4w","-","NVIDIA GeForce RTX 3090","2","finished","2022-11-30T02:10:33.000Z","","10000","NoisyHillsProblem","none","0.5","soft","function","0.644","0.014","0.338","0.004","0.644"
"splendid-aardvark-309","2022-11-30T02:06:14.000Z","128","https://github.com/tidiane-camaret/autoML_switch_opt/tree/0b36a3913ab5f75acb0bee304e113507ca183309","2022-11-30T02:08:22.000Z","vs2-0","9h5ab37u","-","NVIDIA GeForce RTX 3090","2","finished","2022-11-30T02:08:22.000Z","","10000","NoisyHillsProblem","none","0.5","soft","function","0.626","0.012","0.358","0.004","0.626"
"fragrant-vortex-308","2022-11-30T02:04:05.000Z","126","https://github.com/tidiane-camaret/autoML_switch_opt/tree/0b36a3913ab5f75acb0bee304e113507ca183309","2022-11-30T02:06:11.000Z","vs2-0","1w4qxy1t","-","NVIDIA GeForce RTX 3090","2","finished","2022-11-30T02:06:11.000Z","","10000","NoisyHillsProblem","none","0.5","soft","function","0.668","0.008","0.32","0.004","0.668"
"eager-resonance-307","2022-11-30T02:01:54.000Z","128","https://github.com/tidiane-camaret/autoML_switch_opt/tree/0b36a3913ab5f75acb0bee304e113507ca183309","2022-11-30T02:04:02.000Z","vs2-0","1gqneick","-","NVIDIA GeForce RTX 3090","2","finished","2022-11-30T02:04:02.000Z","","10000","NoisyHillsProblem","none","0.5","soft","function","0.672","0.006","0.32","0.002","0.672"
"azure-snow-306","2022-11-30T01:59:30.000Z","141","https://github.com/tidiane-camaret/autoML_switch_opt/tree/0b36a3913ab5f75acb0bee304e113507ca183309","2022-11-30T02:01:51.000Z","vs2-0","cst19ty5","-","NVIDIA GeForce RTX 3090","2","finished","2022-11-30T02:01:51.000Z","","10000","NormProblem","NormProblem","0.5","soft","function","0.9","0.004","0.096","0","0.9"
"noble-glitter-305","2022-11-30T01:57:09.000Z","139","https://github.com/tidiane-camaret/autoML_switch_opt/tree/0b36a3913ab5f75acb0bee304e113507ca183309","2022-11-30T01:59:28.000Z","vs2-0","3o80a9m2","-","NVIDIA GeForce RTX 3090","2","finished","2022-11-30T01:59:28.000Z","","10000","NormProblem","NormProblem","0.5","soft","function","0.914","0.002","0.084","0","0.914"
"dry-sea-304","2022-11-30T01:54:49.000Z","138","https://github.com/tidiane-camaret/autoML_switch_opt/tree/0b36a3913ab5f75acb0bee304e113507ca183309","2022-11-30T01:57:07.000Z","vs2-0","1i2ueolh","-","NVIDIA GeForce RTX 3090","2","finished","2022-11-30T01:57:07.000Z","","10000","NormProblem","NormProblem","0.5","soft","function","0.88","0.012","0.108","0","0.88"
"amber-bush-303","2022-11-30T01:52:27.000Z","139","https://github.com/tidiane-camaret/autoML_switch_opt/tree/0b36a3913ab5f75acb0bee304e113507ca183309","2022-11-30T01:54:46.000Z","vs2-0","2wr2cqsu","-","NVIDIA GeForce RTX 3090","2","finished","2022-11-30T01:54:46.000Z","","10000","NormProblem","NormProblem","0.5","soft","function","0.912","0.004","0.084","0","0.912"
"mild-night-302","2022-11-30T01:50:05.000Z","139","https://github.com/tidiane-camaret/autoML_switch_opt/tree/0b36a3913ab5f75acb0bee304e113507ca183309","2022-11-30T01:52:24.000Z","vs2-0","yfx4g83b","-","NVIDIA GeForce RTX 3090","2","finished","2022-11-30T01:52:24.000Z","","10000","NormProblem","NormProblem","0.5","soft","function","0.852","0.01","0.138","0","0.852"
"visionary-pyramid-301","2022-11-30T01:47:04.000Z","178","https://github.com/tidiane-camaret/autoML_switch_opt/tree/0b36a3913ab5f75acb0bee304e113507ca183309","2022-11-30T01:50:02.000Z","vs2-0","wy0l1n6z","-","NVIDIA GeForce RTX 3090","2","finished","2022-11-30T01:50:02.000Z","","10000","AckleyProblem","NormProblem","0.5","soft","function","0.36","0","0.576","0.064","0.36"
"chocolate-feather-300","2022-11-30T01:44:02.000Z","179","https://github.com/tidiane-camaret/autoML_switch_opt/tree/0b36a3913ab5f75acb0bee304e113507ca183309","2022-11-30T01:47:01.000Z","vs2-0","1irzpw63","-","NVIDIA GeForce RTX 3090","2","finished","2022-11-30T01:47:01.000Z","","10000","AckleyProblem","NormProblem","0.5","soft","function","0.424","0.002","0.536","0.038","0.424"
"proud-glitter-299","2022-11-30T01:41:00.000Z","179","https://github.com/tidiane-camaret/autoML_switch_opt/tree/0b36a3913ab5f75acb0bee304e113507ca183309","2022-11-30T01:43:59.000Z","vs2-0","252ukrqo","-","NVIDIA GeForce RTX 3090","2","finished","2022-11-30T01:43:59.000Z","","10000","AckleyProblem","NormProblem","0.5","soft","function","0.4","0.006","0.558","0.036","0.4"
"desert-shape-298","2022-11-30T01:37:59.000Z","178","https://github.com/tidiane-camaret/autoML_switch_opt/tree/0b36a3913ab5f75acb0bee304e113507ca183309","2022-11-30T01:40:57.000Z","vs2-0","2zzj536y","-","NVIDIA GeForce RTX 3090","2","finished","2022-11-30T01:40:57.000Z","","10000","AckleyProblem","NormProblem","0.5","soft","function","0.414","0.006","0.536","0.044","0.414"
"vibrant-mountain-297","2022-11-30T01:34:58.000Z","178","https://github.com/tidiane-camaret/autoML_switch_opt/tree/0b36a3913ab5f75acb0bee304e113507ca183309","2022-11-30T01:37:56.000Z","vs2-0","2ijhk143","-","NVIDIA GeForce RTX 3090","2","finished","2022-11-30T01:37:56.000Z","","10000","AckleyProblem","NormProblem","0.5","soft","function","0.364","0.002","0.602","0.032","0.364"
"avid-planet-296","2022-11-30T01:32:15.000Z","160","https://github.com/tidiane-camaret/autoML_switch_opt/tree/0b36a3913ab5f75acb0bee304e113507ca183309","2022-11-30T01:34:55.000Z","vs2-0","1b0ywsir","-","NVIDIA GeForce RTX 3090","2","finished","2022-11-30T01:34:55.000Z","","10000","RastriginProblem","NormProblem","0.5","soft","function","0.55","0.008","0.442","0","0.55"
"skilled-star-295","2022-11-30T01:29:33.000Z","159","https://github.com/tidiane-camaret/autoML_switch_opt/tree/0b36a3913ab5f75acb0bee304e113507ca183309","2022-11-30T01:32:12.000Z","vs2-0","utxzgv0u","-","NVIDIA GeForce RTX 3090","2","finished","2022-11-30T01:32:12.000Z","","10000","RastriginProblem","NormProblem","0.5","soft","function","0.568","0.008","0.424","0","0.568"
"treasured-plant-294","2022-11-30T01:26:50.000Z","160","https://github.com/tidiane-camaret/autoML_switch_opt/tree/0b36a3913ab5f75acb0bee304e113507ca183309","2022-11-30T01:29:30.000Z","vs2-0","3oete0e9","-","NVIDIA GeForce RTX 3090","2","finished","2022-11-30T01:29:30.000Z","","10000","RastriginProblem","NormProblem","0.5","soft","function","0.488","0.018","0.494","0","0.488"
"crimson-armadillo-293","2022-11-30T01:24:06.000Z","161","https://github.com/tidiane-camaret/autoML_switch_opt/tree/0b36a3913ab5f75acb0bee304e113507ca183309","2022-11-30T01:26:47.000Z","vs2-0","8d8i3716","-","NVIDIA GeForce RTX 3090","2","finished","2022-11-30T01:26:47.000Z","","10000","RastriginProblem","NormProblem","0.5","soft","function","0.492","0.014","0.494","0","0.492"
"warm-frog-292","2022-11-30T01:21:24.000Z","160","https://github.com/tidiane-camaret/autoML_switch_opt/tree/0b36a3913ab5f75acb0bee304e113507ca183309","2022-11-30T01:24:04.000Z","vs2-0","1v6ydm37","-","NVIDIA GeForce RTX 3090","2","finished","2022-11-30T01:24:04.000Z","","10000","RastriginProblem","NormProblem","0.5","soft","function","0.562","0.01","0.428","0","0.562"
"stellar-field-291","2022-11-30T01:16:55.000Z","267","https://github.com/tidiane-camaret/autoML_switch_opt/tree/0b36a3913ab5f75acb0bee304e113507ca183309","2022-11-30T01:21:22.000Z","vs2-0","350s9sqo","-","NVIDIA GeForce RTX 3090","2","finished","2022-11-30T01:21:22.000Z","","10000","GaussianHillsProblem","NormProblem","0.5","soft","function","0.554","0.01","0.382","0.054","0.554"
"spring-voice-289","2022-11-30T01:12:26.000Z","267","https://github.com/tidiane-camaret/autoML_switch_opt/tree/0b36a3913ab5f75acb0bee304e113507ca183309","2022-11-30T01:16:53.000Z","vs2-0","x4zguktd","-","NVIDIA GeForce RTX 3090","2","finished","2022-11-30T01:16:53.000Z","","10000","GaussianHillsProblem","NormProblem","0.5","soft","function","0.652","0.01","0.302","0.036","0.652"
"zesty-dust-287","2022-11-30T01:07:57.000Z","266","https://github.com/tidiane-camaret/autoML_switch_opt/tree/0b36a3913ab5f75acb0bee304e113507ca183309","2022-11-30T01:12:23.000Z","vs2-0","2vqxtem7","-","NVIDIA GeForce RTX 3090","2","finished","2022-11-30T01:12:23.000Z","","10000","GaussianHillsProblem","NormProblem","0.5","soft","function","0.598","0","0.332","0.07","0.598"
"sweet-violet-285","2022-11-30T01:03:28.000Z","267","https://github.com/tidiane-camaret/autoML_switch_opt/tree/0b36a3913ab5f75acb0bee304e113507ca183309","2022-11-30T01:07:55.000Z","vs2-0","1pc3anj4","-","NVIDIA GeForce RTX 3090","2","finished","2022-11-30T01:07:55.000Z","","10000","GaussianHillsProblem","NormProblem","0.5","soft","function","0.646","0.008","0.282","0.064","0.646"
"stoic-night-283","2022-11-30T00:58:59.000Z","266","https://github.com/tidiane-camaret/autoML_switch_opt/tree/0b36a3913ab5f75acb0bee304e113507ca183309","2022-11-30T01:03:25.000Z","vs2-0","1xxi59vs","-","NVIDIA GeForce RTX 3090","2","finished","2022-11-30T01:03:25.000Z","","10000","GaussianHillsProblem","NormProblem","0.5","soft","function","0.598","0.014","0.334","0.054","0.598"
"dandy-bee-282","2022-11-30T00:56:04.000Z","173","https://github.com/tidiane-camaret/autoML_switch_opt/tree/0b36a3913ab5f75acb0bee304e113507ca183309","2022-11-30T00:58:57.000Z","vs2-0","k95c5nu4","-","NVIDIA GeForce RTX 3090","2","finished","2022-11-30T00:58:57.000Z","","10000","NoisyHillsProblem","NormProblem","0.5","soft","function","0.666","0.018","0.312","0.004","0.666"
"apricot-hill-281","2022-11-30T00:49:24.000Z","398","https://github.com/tidiane-camaret/autoML_switch_opt/tree/557da51baac5dc8e5dec310cea1c7c23bd2c0c96","2022-11-30T00:56:02.000Z","vs2-0","172q9u81","-","NVIDIA GeForce RTX 3090","2","finished","2022-11-30T00:56:02.000Z","","10000","NoisyHillsProblem","NormProblem","0.5","soft","function","0.624","0.01","0.362","0.004","0.624"
"proud-feather-280","2022-11-30T00:46:29.000Z","173","https://github.com/tidiane-camaret/autoML_switch_opt/tree/557da51baac5dc8e5dec310cea1c7c23bd2c0c96","2022-11-30T00:49:22.000Z","vs2-0","7uhiqdi3","-","NVIDIA GeForce RTX 3090","2","finished","2022-11-30T00:49:22.000Z","","10000","NoisyHillsProblem","NormProblem","0.5","soft","function","0.64","0.008","0.352","0","0.64"
"charmed-fog-279","2022-11-30T00:43:33.000Z","174","https://github.com/tidiane-camaret/autoML_switch_opt/tree/557da51baac5dc8e5dec310cea1c7c23bd2c0c96","2022-11-30T00:46:27.000Z","vs2-0","1uurt7p5","-","NVIDIA GeForce RTX 3090","2","finished","2022-11-30T00:46:27.000Z","","10000","NoisyHillsProblem","NormProblem","0.5","soft","function","0.606","0.018","0.374","0.002","0.606"
"bumbling-spaceship-278","2022-11-30T00:40:38.000Z","173","https://github.com/tidiane-camaret/autoML_switch_opt/tree/557da51baac5dc8e5dec310cea1c7c23bd2c0c96","2022-11-30T00:43:31.000Z","vs2-0","273gjx0g","-","NVIDIA GeForce RTX 3090","2","finished","2022-11-30T00:43:31.000Z","","10000","NoisyHillsProblem","NormProblem","0.5","soft","function","0.712","0.012","0.274","0.002","0.712"
"stilted-vortex-277","2022-11-30T00:38:15.000Z","141","https://github.com/tidiane-camaret/autoML_switch_opt/tree/557da51baac5dc8e5dec310cea1c7c23bd2c0c96","2022-11-30T00:40:36.000Z","vs2-0","1ekf4vrn","-","NVIDIA GeForce RTX 3090","2","finished","2022-11-30T00:40:36.000Z","","10000","NormProblem","AckleyProblem","0.5","soft","function","0.888","0.006","0.106","0","0.888"
"earthy-wind-276","2022-11-30T00:35:49.000Z","144","https://github.com/tidiane-camaret/autoML_switch_opt/tree/557da51baac5dc8e5dec310cea1c7c23bd2c0c96","2022-11-30T00:38:13.000Z","vs2-0","1sijh2za","-","NVIDIA GeForce RTX 3090","2","finished","2022-11-30T00:38:13.000Z","","10000","NormProblem","AckleyProblem","0.5","soft","function","0.854","0.01","0.136","0","0.854"
"colorful-snowflake-275","2022-11-30T00:33:27.000Z","140","https://github.com/tidiane-camaret/autoML_switch_opt/tree/557da51baac5dc8e5dec310cea1c7c23bd2c0c96","2022-11-30T00:35:47.000Z","vs2-0","3fqa7g60","-","NVIDIA GeForce RTX 3090","2","finished","2022-11-30T00:35:47.000Z","","10000","NormProblem","AckleyProblem","0.5","soft","function","0.898","0","0.102","0","0.898"
"amber-firefly-274","2022-11-30T00:31:03.000Z","141","https://github.com/tidiane-camaret/autoML_switch_opt/tree/557da51baac5dc8e5dec310cea1c7c23bd2c0c96","2022-11-30T00:33:24.000Z","vs2-0","27hqpa1j","-","NVIDIA GeForce RTX 3090","2","finished","2022-11-30T00:33:24.000Z","","10000","NormProblem","AckleyProblem","0.5","soft","function","0.914","0","0.086","0","0.914"
"glorious-eon-273","2022-11-30T00:28:41.000Z","140","https://github.com/tidiane-camaret/autoML_switch_opt/tree/557da51baac5dc8e5dec310cea1c7c23bd2c0c96","2022-11-30T00:31:01.000Z","vs2-0","4yxa4mor","-","NVIDIA GeForce RTX 3090","2","finished","2022-11-30T00:31:01.000Z","","10000","NormProblem","AckleyProblem","0.5","soft","function","0.854","0.006","0.14","0","0.854"
"tough-smoke-272","2022-11-30T00:25:38.000Z","180","https://github.com/tidiane-camaret/autoML_switch_opt/tree/557da51baac5dc8e5dec310cea1c7c23bd2c0c96","2022-11-30T00:28:38.000Z","vs2-0","2o85tb7h","-","NVIDIA GeForce RTX 3090","2","finished","2022-11-30T00:28:38.000Z","","10000","AckleyProblem","AckleyProblem","0.5","soft","function","0.388","0.002","0.578","0.032","0.388"
"generous-blaze-271","2022-11-30T00:22:34.000Z","181","https://github.com/tidiane-camaret/autoML_switch_opt/tree/557da51baac5dc8e5dec310cea1c7c23bd2c0c96","2022-11-30T00:25:35.000Z","vs2-0","3coaqzn1","-","NVIDIA GeForce RTX 3090","2","finished","2022-11-30T00:25:35.000Z","","10000","AckleyProblem","AckleyProblem","0.5","soft","function","0.35","0.008","0.608","0.034","0.35"
"driven-dawn-270","2022-11-30T00:19:30.000Z","181","https://github.com/tidiane-camaret/autoML_switch_opt/tree/557da51baac5dc8e5dec310cea1c7c23bd2c0c96","2022-11-30T00:22:31.000Z","vs2-0","cb4wkujd","-","NVIDIA GeForce RTX 3090","2","finished","2022-11-30T00:22:31.000Z","","10000","AckleyProblem","AckleyProblem","0.5","soft","function","0.42","0.002","0.502","0.076","0.42"
"ethereal-star-269","2022-11-30T00:16:26.000Z","181","https://github.com/tidiane-camaret/autoML_switch_opt/tree/557da51baac5dc8e5dec310cea1c7c23bd2c0c96","2022-11-30T00:19:27.000Z","vs2-0","qo9htk12","-","NVIDIA GeForce RTX 3090","2","finished","2022-11-30T00:19:27.000Z","","10000","AckleyProblem","AckleyProblem","0.5","soft","function","0.344","0","0.624","0.032","0.344"
"sparkling-frog-268","2022-11-30T00:13:23.000Z","180","https://github.com/tidiane-camaret/autoML_switch_opt/tree/557da51baac5dc8e5dec310cea1c7c23bd2c0c96","2022-11-30T00:16:23.000Z","vs2-0","tkucjide","-","NVIDIA GeForce RTX 3090","2","finished","2022-11-30T00:16:23.000Z","","10000","AckleyProblem","AckleyProblem","0.5","soft","function","0.424","0","0.52","0.056","0.424"
"vibrant-hill-267","2022-11-30T00:10:38.000Z","162","https://github.com/tidiane-camaret/autoML_switch_opt/tree/557da51baac5dc8e5dec310cea1c7c23bd2c0c96","2022-11-30T00:13:20.000Z","vs2-0","1cghn9n3","-","NVIDIA GeForce RTX 3090","2","finished","2022-11-30T00:13:20.000Z","","10000","RastriginProblem","AckleyProblem","0.5","soft","function","0.454","0.008","0.538","0","0.454"
"lemon-paper-266","2022-11-30T00:07:53.000Z","162","https://github.com/tidiane-camaret/autoML_switch_opt/tree/557da51baac5dc8e5dec310cea1c7c23bd2c0c96","2022-11-30T00:10:35.000Z","vs2-0","2up8oaq2","-","NVIDIA GeForce RTX 3090","2","finished","2022-11-30T00:10:35.000Z","","10000","RastriginProblem","AckleyProblem","0.5","soft","function","0.488","0.008","0.504","0","0.488"
"sage-wave-265","2022-11-30T00:05:08.000Z","162","https://github.com/tidiane-camaret/autoML_switch_opt/tree/557da51baac5dc8e5dec310cea1c7c23bd2c0c96","2022-11-30T00:07:50.000Z","vs2-0","16mkesrk","-","NVIDIA GeForce RTX 3090","2","finished","2022-11-30T00:07:50.000Z","","10000","RastriginProblem","AckleyProblem","0.5","soft","function","0.406","0.014","0.58","0","0.406"
"vibrant-snowball-264","2022-11-30T00:02:23.000Z","162","https://github.com/tidiane-camaret/autoML_switch_opt/tree/557da51baac5dc8e5dec310cea1c7c23bd2c0c96","2022-11-30T00:05:05.000Z","vs2-0","3kq5hja3","-","NVIDIA GeForce RTX 3090","2","finished","2022-11-30T00:05:05.000Z","","10000","RastriginProblem","AckleyProblem","0.5","soft","function","0.472","0.018","0.51","0","0.472"
"fine-silence-263","2022-11-29T23:59:40.000Z","161","https://github.com/tidiane-camaret/autoML_switch_opt/tree/557da51baac5dc8e5dec310cea1c7c23bd2c0c96","2022-11-30T00:02:21.000Z","vs2-0","1k9uc6hm","-","NVIDIA GeForce RTX 3090","2","finished","2022-11-30T00:02:21.000Z","","10000","RastriginProblem","AckleyProblem","0.5","soft","function","0.444","0.022","0.534","0","0.444"
"pretty-firebrand-262","2022-11-29T23:55:09.000Z","269","https://github.com/tidiane-camaret/autoML_switch_opt/tree/557da51baac5dc8e5dec310cea1c7c23bd2c0c96","2022-11-29T23:59:38.000Z","vs2-0","3q0dhhte","-","NVIDIA GeForce RTX 3090","2","finished","2022-11-29T23:59:38.000Z","","10000","GaussianHillsProblem","AckleyProblem","0.5","soft","function","0.48","0.024","0.444","0.052","0.48"
"splendid-fog-261","2022-11-29T23:50:38.000Z","269","https://github.com/tidiane-camaret/autoML_switch_opt/tree/557da51baac5dc8e5dec310cea1c7c23bd2c0c96","2022-11-29T23:55:07.000Z","vs2-0","2ml53pok","-","NVIDIA GeForce RTX 3090","2","finished","2022-11-29T23:55:07.000Z","","10000","GaussianHillsProblem","AckleyProblem","0.5","soft","function","0.63","0.022","0.308","0.04","0.63"
"devout-wind-260","2022-11-29T23:46:06.000Z","270","https://github.com/tidiane-camaret/autoML_switch_opt/tree/557da51baac5dc8e5dec310cea1c7c23bd2c0c96","2022-11-29T23:50:36.000Z","vs2-0","3nrz6vyg","-","NVIDIA GeForce RTX 3090","2","finished","2022-11-29T23:50:36.000Z","","10000","GaussianHillsProblem","AckleyProblem","0.5","soft","function","0.6","0.016","0.336","0.048","0.6"
"snowy-dust-259","2022-11-29T23:41:35.000Z","268","https://github.com/tidiane-camaret/autoML_switch_opt/tree/557da51baac5dc8e5dec310cea1c7c23bd2c0c96","2022-11-29T23:46:03.000Z","vs2-0","kua37rr2","-","NVIDIA GeForce RTX 3090","2","finished","2022-11-29T23:46:03.000Z","","10000","GaussianHillsProblem","AckleyProblem","0.5","soft","function","0.476","0.012","0.456","0.056","0.476"
"peachy-snowball-258","2022-11-29T23:37:06.000Z","266","https://github.com/tidiane-camaret/autoML_switch_opt/tree/557da51baac5dc8e5dec310cea1c7c23bd2c0c96","2022-11-29T23:41:32.000Z","vs2-0","1s27r3bt","-","NVIDIA GeForce RTX 3090","2","finished","2022-11-29T23:41:32.000Z","","10000","GaussianHillsProblem","AckleyProblem","0.5","soft","function","0.674","0.02","0.266","0.04","0.674"
"upbeat-lake-257","2022-11-29T23:34:11.000Z","172","https://github.com/tidiane-camaret/autoML_switch_opt/tree/557da51baac5dc8e5dec310cea1c7c23bd2c0c96","2022-11-29T23:37:03.000Z","vs2-0","259bbrk0","-","NVIDIA GeForce RTX 3090","2","finished","2022-11-29T23:37:03.000Z","","10000","NoisyHillsProblem","AckleyProblem","0.5","soft","function","0.652","0.014","0.328","0.006","0.652"
"fresh-pyramid-256","2022-11-29T23:31:13.000Z","176","https://github.com/tidiane-camaret/autoML_switch_opt/tree/557da51baac5dc8e5dec310cea1c7c23bd2c0c96","2022-11-29T23:34:09.000Z","vs2-0","3ft8aks9","-","NVIDIA GeForce RTX 3090","2","finished","2022-11-29T23:34:09.000Z","","10000","NoisyHillsProblem","AckleyProblem","0.5","soft","function","0.644","0.02","0.334","0.002","0.644"
"kind-dew-255","2022-11-29T23:28:14.000Z","177","https://github.com/tidiane-camaret/autoML_switch_opt/tree/557da51baac5dc8e5dec310cea1c7c23bd2c0c96","2022-11-29T23:31:11.000Z","vs2-0","1qvtqw6j","-","NVIDIA GeForce RTX 3090","2","finished","2022-11-29T23:31:11.000Z","","10000","NoisyHillsProblem","AckleyProblem","0.5","soft","function","0.644","0.014","0.342","0","0.644"
"fanciful-aardvark-254","2022-11-29T23:25:19.000Z","173","https://github.com/tidiane-camaret/autoML_switch_opt/tree/557da51baac5dc8e5dec310cea1c7c23bd2c0c96","2022-11-29T23:28:12.000Z","vs2-0","1ubn3kg3","-","NVIDIA GeForce RTX 3090","2","finished","2022-11-29T23:28:12.000Z","","10000","NoisyHillsProblem","AckleyProblem","0.5","soft","function","0.634","0.02","0.344","0.002","0.634"
"summer-brook-253","2022-11-29T23:22:20.000Z","174","https://github.com/tidiane-camaret/autoML_switch_opt/tree/557da51baac5dc8e5dec310cea1c7c23bd2c0c96","2022-11-29T23:25:14.000Z","vs2-0","tjexccn1","-","NVIDIA GeForce RTX 3090","2","finished","2022-11-29T23:25:14.000Z","","10000","NoisyHillsProblem","AckleyProblem","0.5","soft","function","0.676","0.02","0.302","0.002","0.676"
"dazzling-music-252","2022-11-29T23:19:56.000Z","142","https://github.com/tidiane-camaret/autoML_switch_opt/tree/557da51baac5dc8e5dec310cea1c7c23bd2c0c96","2022-11-29T23:22:18.000Z","vs2-0","1hpaguoa","-","NVIDIA GeForce RTX 3090","2","finished","2022-11-29T23:22:18.000Z","","10000","NormProblem","RastriginProblem","0.5","soft","function","0.902","0.004","0.094","0","0.902"
"devout-breeze-251","2022-11-29T23:17:34.000Z","140","https://github.com/tidiane-camaret/autoML_switch_opt/tree/557da51baac5dc8e5dec310cea1c7c23bd2c0c96","2022-11-29T23:19:54.000Z","vs2-0","16g5v9zv","-","NVIDIA GeForce RTX 3090","2","finished","2022-11-29T23:19:54.000Z","","10000","NormProblem","RastriginProblem","0.5","soft","function","0.892","0.004","0.104","0","0.892"
"splendid-frost-250","2022-11-29T23:15:10.000Z","141","https://github.com/tidiane-camaret/autoML_switch_opt/tree/557da51baac5dc8e5dec310cea1c7c23bd2c0c96","2022-11-29T23:17:31.000Z","vs2-0","2g82ur1s","-","NVIDIA GeForce RTX 3090","2","finished","2022-11-29T23:17:31.000Z","","10000","NormProblem","RastriginProblem","0.5","soft","function","0.872","0.004","0.124","0","0.872"
"feasible-armadillo-249","2022-11-29T23:12:45.000Z","142","https://github.com/tidiane-camaret/autoML_switch_opt/tree/557da51baac5dc8e5dec310cea1c7c23bd2c0c96","2022-11-29T23:15:07.000Z","vs2-0","1buf3w9o","-","NVIDIA GeForce RTX 3090","2","finished","2022-11-29T23:15:07.000Z","","10000","NormProblem","RastriginProblem","0.5","soft","function","0.864","0.006","0.13","0","0.864"
"serene-brook-248","2022-11-29T23:10:22.000Z","141","https://github.com/tidiane-camaret/autoML_switch_opt/tree/557da51baac5dc8e5dec310cea1c7c23bd2c0c96","2022-11-29T23:12:43.000Z","vs2-0","2a00t4m2","-","NVIDIA GeForce RTX 3090","2","finished","2022-11-29T23:12:43.000Z","","10000","NormProblem","RastriginProblem","0.5","soft","function","0.89","0.01","0.1","0","0.89"
"eager-mountain-247","2022-11-29T23:07:21.000Z","179","https://github.com/tidiane-camaret/autoML_switch_opt/tree/557da51baac5dc8e5dec310cea1c7c23bd2c0c96","2022-11-29T23:10:20.000Z","vs2-0","k2vqje2s","-","NVIDIA GeForce RTX 3090","2","finished","2022-11-29T23:10:20.000Z","","10000","AckleyProblem","RastriginProblem","0.5","soft","function","0.438","0.002","0.512","0.048","0.438"
"apricot-flower-246","2022-11-29T23:04:19.000Z","180","https://github.com/tidiane-camaret/autoML_switch_opt/tree/557da51baac5dc8e5dec310cea1c7c23bd2c0c96","2022-11-29T23:07:19.000Z","vs2-0","nvscx729","-","NVIDIA GeForce RTX 3090","2","finished","2022-11-29T23:07:19.000Z","","10000","AckleyProblem","RastriginProblem","0.5","soft","function","0.298","0.004","0.646","0.052","0.298"
"crimson-puddle-245","2022-11-29T23:01:18.000Z","179","https://github.com/tidiane-camaret/autoML_switch_opt/tree/557da51baac5dc8e5dec310cea1c7c23bd2c0c96","2022-11-29T23:04:17.000Z","vs2-0","1545swzq","-","NVIDIA GeForce RTX 3090","2","finished","2022-11-29T23:04:17.000Z","","10000","AckleyProblem","RastriginProblem","0.5","soft","function","0.44","0.002","0.504","0.054","0.44"
"ruby-resonance-244","2022-11-29T22:58:17.000Z","179","https://github.com/tidiane-camaret/autoML_switch_opt/tree/557da51baac5dc8e5dec310cea1c7c23bd2c0c96","2022-11-29T23:01:16.000Z","vs2-0","21xkrf8a","-","NVIDIA GeForce RTX 3090","2","finished","2022-11-29T23:01:16.000Z","","10000","AckleyProblem","RastriginProblem","0.5","soft","function","0.392","0.002","0.56","0.046","0.392"
"sage-plasma-243","2022-11-29T22:55:15.000Z","179","https://github.com/tidiane-camaret/autoML_switch_opt/tree/557da51baac5dc8e5dec310cea1c7c23bd2c0c96","2022-11-29T22:58:14.000Z","vs2-0","7kjgu7nf","-","NVIDIA GeForce RTX 3090","2","finished","2022-11-29T22:58:14.000Z","","10000","AckleyProblem","RastriginProblem","0.5","soft","function","0.33","0.004","0.622","0.044","0.33"
"major-river-242","2022-11-29T22:52:32.000Z","160","https://github.com/tidiane-camaret/autoML_switch_opt/tree/557da51baac5dc8e5dec310cea1c7c23bd2c0c96","2022-11-29T22:55:12.000Z","vs2-0","1gtkdvdm","-","NVIDIA GeForce RTX 3090","2","finished","2022-11-29T22:55:12.000Z","","10000","RastriginProblem","RastriginProblem","0.5","soft","function","0.538","0.004","0.458","0","0.538"
"deft-forest-241","2022-11-29T22:49:48.000Z","161","https://github.com/tidiane-camaret/autoML_switch_opt/tree/557da51baac5dc8e5dec310cea1c7c23bd2c0c96","2022-11-29T22:52:29.000Z","vs2-0","i3vhnidp","-","NVIDIA GeForce RTX 3090","2","finished","2022-11-29T22:52:29.000Z","","10000","RastriginProblem","RastriginProblem","0.5","soft","function","0.52","0.014","0.466","0","0.52"
"peachy-sponge-240","2022-11-29T22:47:05.000Z","160","https://github.com/tidiane-camaret/autoML_switch_opt/tree/557da51baac5dc8e5dec310cea1c7c23bd2c0c96","2022-11-29T22:49:45.000Z","vs2-0","2n7zem8w","-","NVIDIA GeForce RTX 3090","2","finished","2022-11-29T22:49:45.000Z","","10000","RastriginProblem","RastriginProblem","0.5","soft","function","0.546","0.006","0.448","0","0.546"
"genial-elevator-239","2022-11-29T22:44:20.000Z","162","https://github.com/tidiane-camaret/autoML_switch_opt/tree/557da51baac5dc8e5dec310cea1c7c23bd2c0c96","2022-11-29T22:47:02.000Z","vs2-0","ep6grcom","-","NVIDIA GeForce RTX 3090","2","finished","2022-11-29T22:47:02.000Z","","10000","RastriginProblem","RastriginProblem","0.5","soft","function","0.504","0.014","0.482","0","0.504"
"kind-wood-238","2022-11-29T22:41:35.000Z","163","https://github.com/tidiane-camaret/autoML_switch_opt/tree/557da51baac5dc8e5dec310cea1c7c23bd2c0c96","2022-11-29T22:44:18.000Z","vs2-0","2t98bks2","-","NVIDIA GeForce RTX 3090","2","finished","2022-11-29T22:44:18.000Z","","10000","RastriginProblem","RastriginProblem","0.5","soft","function","0.408","0.01","0.582","0","0.408"
"lunar-wildflower-237","2022-11-29T22:37:06.000Z","267","https://github.com/tidiane-camaret/autoML_switch_opt/tree/557da51baac5dc8e5dec310cea1c7c23bd2c0c96","2022-11-29T22:41:33.000Z","vs2-0","32y6tr7o","-","NVIDIA GeForce RTX 3090","2","finished","2022-11-29T22:41:33.000Z","","10000","GaussianHillsProblem","RastriginProblem","0.5","soft","function","0.636","0.014","0.282","0.068","0.636"
"lyric-cloud-236","2022-11-29T22:32:37.000Z","267","https://github.com/tidiane-camaret/autoML_switch_opt/tree/557da51baac5dc8e5dec310cea1c7c23bd2c0c96","2022-11-29T22:37:04.000Z","vs2-0","2kje6tmu","-","NVIDIA GeForce RTX 3090","2","finished","2022-11-29T22:37:04.000Z","","10000","GaussianHillsProblem","RastriginProblem","0.5","soft","function","0.642","0.01","0.312","0.036","0.642"
"crimson-darkness-235","2022-11-29T22:28:07.000Z","268","https://github.com/tidiane-camaret/autoML_switch_opt/tree/557da51baac5dc8e5dec310cea1c7c23bd2c0c96","2022-11-29T22:32:35.000Z","vs2-0","1uiwpaop","-","NVIDIA GeForce RTX 3090","2","finished","2022-11-29T22:32:35.000Z","","10000","GaussianHillsProblem","RastriginProblem","0.5","soft","function","0.676","0.01","0.27","0.044","0.676"
"pious-vortex-234","2022-11-29T22:23:37.000Z","268","https://github.com/tidiane-camaret/autoML_switch_opt/tree/557da51baac5dc8e5dec310cea1c7c23bd2c0c96","2022-11-29T22:28:05.000Z","vs2-0","2cuie2ol","-","NVIDIA GeForce RTX 3090","2","finished","2022-11-29T22:28:05.000Z","","10000","GaussianHillsProblem","RastriginProblem","0.5","soft","function","0.72","0.012","0.218","0.05","0.72"
"logical-totem-233","2022-11-29T22:19:08.000Z","267","https://github.com/tidiane-camaret/autoML_switch_opt/tree/557da51baac5dc8e5dec310cea1c7c23bd2c0c96","2022-11-29T22:23:35.000Z","vs2-0","g14ql3dm","-","NVIDIA GeForce RTX 3090","2","finished","2022-11-29T22:23:35.000Z","","10000","GaussianHillsProblem","RastriginProblem","0.5","soft","function","0.496","0.014","0.428","0.062","0.496"
"swift-firebrand-232","2022-11-29T22:16:11.000Z","175","https://github.com/tidiane-camaret/autoML_switch_opt/tree/557da51baac5dc8e5dec310cea1c7c23bd2c0c96","2022-11-29T22:19:06.000Z","vs2-0","33whddhq","-","NVIDIA GeForce RTX 3090","2","finished","2022-11-29T22:19:06.000Z","","10000","NoisyHillsProblem","RastriginProblem","0.5","soft","function","0.642","0.014","0.34","0.004","0.642"
"wise-cloud-231","2022-11-29T22:13:14.000Z","174","https://github.com/tidiane-camaret/autoML_switch_opt/tree/557da51baac5dc8e5dec310cea1c7c23bd2c0c96","2022-11-29T22:16:08.000Z","vs2-0","2li18c22","-","NVIDIA GeForce RTX 3090","2","finished","2022-11-29T22:16:08.000Z","","10000","NoisyHillsProblem","RastriginProblem","0.5","soft","function","0.61","0.01","0.372","0.008","0.61"
"frosty-river-230","2022-11-29T22:10:18.000Z","173","https://github.com/tidiane-camaret/autoML_switch_opt/tree/557da51baac5dc8e5dec310cea1c7c23bd2c0c96","2022-11-29T22:13:11.000Z","vs2-0","2la97lnp","-","NVIDIA GeForce RTX 3090","2","finished","2022-11-29T22:13:11.000Z","","10000","NoisyHillsProblem","RastriginProblem","0.5","soft","function","0.69","0.016","0.292","0.002","0.69"
"solar-frost-229","2022-11-29T22:07:22.000Z","173","https://github.com/tidiane-camaret/autoML_switch_opt/tree/557da51baac5dc8e5dec310cea1c7c23bd2c0c96","2022-11-29T22:10:15.000Z","vs2-0","7y4kbpok","-","NVIDIA GeForce RTX 3090","2","finished","2022-11-29T22:10:15.000Z","","10000","NoisyHillsProblem","RastriginProblem","0.5","soft","function","0.65","0.018","0.328","0.004","0.65"
"honest-leaf-228","2022-11-29T22:04:26.000Z","174","https://github.com/tidiane-camaret/autoML_switch_opt/tree/557da51baac5dc8e5dec310cea1c7c23bd2c0c96","2022-11-29T22:07:20.000Z","vs2-0","2ysgt73r","-","NVIDIA GeForce RTX 3090","2","finished","2022-11-29T22:07:20.000Z","","10000","NoisyHillsProblem","RastriginProblem","0.5","soft","function","0.592","0.02","0.38","0.008","0.592"
"curious-monkey-227","2022-11-29T22:01:58.000Z","145","https://github.com/tidiane-camaret/autoML_switch_opt/tree/557da51baac5dc8e5dec310cea1c7c23bd2c0c96","2022-11-29T22:04:23.000Z","vs2-0","1oq3y6g7","-","NVIDIA GeForce RTX 3090","2","finished","2022-11-29T22:04:23.000Z","","10000","NormProblem","GaussianHillsProblem","0.5","soft","function","0.884","0.002","0.114","0","0.884"
"curious-water-226","2022-11-29T21:59:32.000Z","144","https://github.com/tidiane-camaret/autoML_switch_opt/tree/557da51baac5dc8e5dec310cea1c7c23bd2c0c96","2022-11-29T22:01:56.000Z","vs2-0","1pm8yq0q","-","NVIDIA GeForce RTX 3090","2","finished","2022-11-29T22:01:56.000Z","","10000","NormProblem","GaussianHillsProblem","0.5","soft","function","0.87","0.006","0.124","0","0.87"
"dauntless-pyramid-225","2022-11-29T21:57:05.000Z","144","https://github.com/tidiane-camaret/autoML_switch_opt/tree/557da51baac5dc8e5dec310cea1c7c23bd2c0c96","2022-11-29T21:59:29.000Z","vs2-0","8vmmp670","-","NVIDIA GeForce RTX 3090","2","finished","2022-11-29T21:59:29.000Z","","10000","NormProblem","GaussianHillsProblem","0.5","soft","function","0.886","0","0.114","0","0.886"
"confused-sound-224","2022-11-29T21:54:35.000Z","147","https://github.com/tidiane-camaret/autoML_switch_opt/tree/557da51baac5dc8e5dec310cea1c7c23bd2c0c96","2022-11-29T21:57:02.000Z","vs2-0","1lmk3fo6","-","NVIDIA GeForce RTX 3090","2","finished","2022-11-29T21:57:02.000Z","","10000","NormProblem","GaussianHillsProblem","0.5","soft","function","0.862","0.004","0.134","0","0.862"
"dutiful-vortex-223","2022-11-29T21:52:06.000Z","146","https://github.com/tidiane-camaret/autoML_switch_opt/tree/557da51baac5dc8e5dec310cea1c7c23bd2c0c96","2022-11-29T21:54:32.000Z","vs2-0","2h4dtc8s","-","NVIDIA GeForce RTX 3090","2","finished","2022-11-29T21:54:32.000Z","","10000","NormProblem","GaussianHillsProblem","0.5","soft","function","0.862","0.004","0.134","0","0.862"
"helpful-salad-222","2022-11-29T21:48:57.000Z","187","https://github.com/tidiane-camaret/autoML_switch_opt/tree/557da51baac5dc8e5dec310cea1c7c23bd2c0c96","2022-11-29T21:52:04.000Z","vs2-0","hwek4hxf","-","NVIDIA GeForce RTX 3090","2","finished","2022-11-29T21:52:04.000Z","","10000","AckleyProblem","GaussianHillsProblem","0.5","soft","function","0.37","0.008","0.588","0.034","0.37"
"young-plant-221","2022-11-29T21:45:48.000Z","187","https://github.com/tidiane-camaret/autoML_switch_opt/tree/557da51baac5dc8e5dec310cea1c7c23bd2c0c96","2022-11-29T21:48:55.000Z","vs2-0","yhrqnviw","-","NVIDIA GeForce RTX 3090","2","finished","2022-11-29T21:48:55.000Z","","10000","AckleyProblem","GaussianHillsProblem","0.5","soft","function","0.376","0.002","0.58","0.042","0.376"
"summer-sea-220","2022-11-29T21:42:41.000Z","185","https://github.com/tidiane-camaret/autoML_switch_opt/tree/557da51baac5dc8e5dec310cea1c7c23bd2c0c96","2022-11-29T21:45:46.000Z","vs2-0","1trvdd61","-","NVIDIA GeForce RTX 3090","2","finished","2022-11-29T21:45:46.000Z","","10000","AckleyProblem","GaussianHillsProblem","0.5","soft","function","0.352","0.004","0.588","0.056","0.352"
"twilight-fog-219","2022-11-29T21:39:33.000Z","186","https://github.com/tidiane-camaret/autoML_switch_opt/tree/557da51baac5dc8e5dec310cea1c7c23bd2c0c96","2022-11-29T21:42:39.000Z","vs2-0","ix6wadv9","-","NVIDIA GeForce RTX 3090","2","finished","2022-11-29T21:42:39.000Z","","10000","AckleyProblem","GaussianHillsProblem","0.5","soft","function","0.366","0","0.586","0.048","0.366"
"logical-water-218","2022-11-29T21:36:24.000Z","187","https://github.com/tidiane-camaret/autoML_switch_opt/tree/557da51baac5dc8e5dec310cea1c7c23bd2c0c96","2022-11-29T21:39:31.000Z","vs2-0","3lq3xrrb","-","NVIDIA GeForce RTX 3090","2","finished","2022-11-29T21:39:31.000Z","","10000","AckleyProblem","GaussianHillsProblem","0.5","soft","function","0.356","0.006","0.582","0.056","0.356"
"radiant-silence-217","2022-11-29T21:33:36.000Z","166","https://github.com/tidiane-camaret/autoML_switch_opt/tree/557da51baac5dc8e5dec310cea1c7c23bd2c0c96","2022-11-29T21:36:22.000Z","vs2-0","za0t1yij","-","NVIDIA GeForce RTX 3090","2","finished","2022-11-29T21:36:22.000Z","","10000","RastriginProblem","GaussianHillsProblem","0.5","soft","function","0.446","0.016","0.538","0","0.446"
"lucky-aardvark-216","2022-11-29T21:30:47.000Z","166","https://github.com/tidiane-camaret/autoML_switch_opt/tree/557da51baac5dc8e5dec310cea1c7c23bd2c0c96","2022-11-29T21:33:33.000Z","vs2-0","1kr8gdi3","-","NVIDIA GeForce RTX 3090","2","finished","2022-11-29T21:33:33.000Z","","10000","RastriginProblem","GaussianHillsProblem","0.5","soft","function","0.49","0.004","0.506","0","0.49"
"royal-microwave-215","2022-11-29T21:27:58.000Z","166","https://github.com/tidiane-camaret/autoML_switch_opt/tree/557da51baac5dc8e5dec310cea1c7c23bd2c0c96","2022-11-29T21:30:44.000Z","vs2-0","1q4xfa3t","-","NVIDIA GeForce RTX 3090","2","finished","2022-11-29T21:30:44.000Z","","10000","RastriginProblem","GaussianHillsProblem","0.5","soft","function","0.452","0.016","0.532","0","0.452"
"faithful-night-214","2022-11-29T21:25:09.000Z","166","https://github.com/tidiane-camaret/autoML_switch_opt/tree/557da51baac5dc8e5dec310cea1c7c23bd2c0c96","2022-11-29T21:27:55.000Z","vs2-0","3w317v17","-","NVIDIA GeForce RTX 3090","2","finished","2022-11-29T21:27:55.000Z","","10000","RastriginProblem","GaussianHillsProblem","0.5","soft","function","0.49","0.002","0.508","0","0.49"
"trim-flower-213","2022-11-29T21:22:20.000Z","166","https://github.com/tidiane-camaret/autoML_switch_opt/tree/557da51baac5dc8e5dec310cea1c7c23bd2c0c96","2022-11-29T21:25:06.000Z","vs2-0","1ur4lqbx","-","NVIDIA GeForce RTX 3090","2","finished","2022-11-29T21:25:06.000Z","","10000","RastriginProblem","GaussianHillsProblem","0.5","soft","function","0.468","0.02","0.512","0","0.468"
"fast-hill-212","2022-11-29T21:17:44.000Z","274","https://github.com/tidiane-camaret/autoML_switch_opt/tree/557da51baac5dc8e5dec310cea1c7c23bd2c0c96","2022-11-29T21:22:18.000Z","vs2-0","1sx8peeg","-","NVIDIA GeForce RTX 3090","2","finished","2022-11-29T21:22:18.000Z","","10000","GaussianHillsProblem","GaussianHillsProblem","0.5","soft","function","0.596","0.014","0.36","0.03","0.596"
"true-water-211","2022-11-29T21:13:08.000Z","274","https://github.com/tidiane-camaret/autoML_switch_opt/tree/557da51baac5dc8e5dec310cea1c7c23bd2c0c96","2022-11-29T21:17:42.000Z","vs2-0","2qwl2b8q","-","NVIDIA GeForce RTX 3090","2","finished","2022-11-29T21:17:42.000Z","","10000","GaussianHillsProblem","GaussianHillsProblem","0.5","soft","function","0.67","0.01","0.26","0.06","0.67"
"revived-bird-210","2022-11-29T21:08:31.000Z","274","https://github.com/tidiane-camaret/autoML_switch_opt/tree/557da51baac5dc8e5dec310cea1c7c23bd2c0c96","2022-11-29T21:13:05.000Z","vs2-0","1o36tasq","-","NVIDIA GeForce RTX 3090","2","finished","2022-11-29T21:13:05.000Z","","10000","GaussianHillsProblem","GaussianHillsProblem","0.5","soft","function","0.61","0.018","0.32","0.052","0.61"
"dark-durian-209","2022-11-29T21:03:56.000Z","273","https://github.com/tidiane-camaret/autoML_switch_opt/tree/557da51baac5dc8e5dec310cea1c7c23bd2c0c96","2022-11-29T21:08:29.000Z","vs2-0","3840oe40","-","NVIDIA GeForce RTX 3090","2","finished","2022-11-29T21:08:29.000Z","","10000","GaussianHillsProblem","GaussianHillsProblem","0.5","soft","function","0.636","0.008","0.308","0.048","0.636"
"radiant-vortex-208","2022-11-29T20:59:20.000Z","274","https://github.com/tidiane-camaret/autoML_switch_opt/tree/557da51baac5dc8e5dec310cea1c7c23bd2c0c96","2022-11-29T21:03:54.000Z","vs2-0","25ontebu","-","NVIDIA GeForce RTX 3090","2","finished","2022-11-29T21:03:54.000Z","","10000","GaussianHillsProblem","GaussianHillsProblem","0.5","soft","function","0.652","0.018","0.274","0.056","0.652"
"breezy-glade-207","2022-11-29T20:56:18.000Z","180","https://github.com/tidiane-camaret/autoML_switch_opt/tree/557da51baac5dc8e5dec310cea1c7c23bd2c0c96","2022-11-29T20:59:18.000Z","vs2-0","1zeirtcc","-","NVIDIA GeForce RTX 3090","2","finished","2022-11-29T20:59:18.000Z","","10000","NoisyHillsProblem","GaussianHillsProblem","0.5","soft","function","0.656","0.018","0.318","0.008","0.656"
"effortless-mountain-206","2022-11-29T20:53:19.000Z","177","https://github.com/tidiane-camaret/autoML_switch_opt/tree/557da51baac5dc8e5dec310cea1c7c23bd2c0c96","2022-11-29T20:56:16.000Z","vs2-0","192lgkig","-","NVIDIA GeForce RTX 3090","2","finished","2022-11-29T20:56:16.000Z","","10000","NoisyHillsProblem","GaussianHillsProblem","0.5","soft","function","0.624","0.012","0.36","0.004","0.624"
"happy-water-205","2022-11-29T20:50:17.000Z","180","https://github.com/tidiane-camaret/autoML_switch_opt/tree/557da51baac5dc8e5dec310cea1c7c23bd2c0c96","2022-11-29T20:53:17.000Z","vs2-0","2mhp0mug","-","NVIDIA GeForce RTX 3090","2","finished","2022-11-29T20:53:17.000Z","","10000","NoisyHillsProblem","GaussianHillsProblem","0.5","soft","function","0.67","0.014","0.31","0.006","0.67"
"vital-forest-204","2022-11-29T20:47:15.000Z","180","https://github.com/tidiane-camaret/autoML_switch_opt/tree/557da51baac5dc8e5dec310cea1c7c23bd2c0c96","2022-11-29T20:50:15.000Z","vs2-0","3m6lhhpu","-","NVIDIA GeForce RTX 3090","2","finished","2022-11-29T20:50:15.000Z","","10000","NoisyHillsProblem","GaussianHillsProblem","0.5","soft","function","0.676","0.006","0.316","0.002","0.676"
"cool-salad-203","2022-11-29T20:44:14.000Z","179","https://github.com/tidiane-camaret/autoML_switch_opt/tree/557da51baac5dc8e5dec310cea1c7c23bd2c0c96","2022-11-29T20:47:13.000Z","vs2-0","254czaze","-","NVIDIA GeForce RTX 3090","2","finished","2022-11-29T20:47:13.000Z","","10000","NoisyHillsProblem","GaussianHillsProblem","0.5","soft","function","0.674","0.016","0.306","0.004","0.674"
"faithful-night-202","2022-11-29T20:41:49.000Z","143","https://github.com/tidiane-camaret/autoML_switch_opt/tree/557da51baac5dc8e5dec310cea1c7c23bd2c0c96","2022-11-29T20:44:12.000Z","vs2-0","2dklsiyk","-","NVIDIA GeForce RTX 3090","2","finished","2022-11-29T20:44:12.000Z","","10000","NormProblem","NoisyHillsProblem","0.5","soft","function","0.85","0.012","0.138","0","0.85"
"trim-pond-201","2022-11-29T20:39:23.000Z","143","https://github.com/tidiane-camaret/autoML_switch_opt/tree/557da51baac5dc8e5dec310cea1c7c23bd2c0c96","2022-11-29T20:41:46.000Z","vs2-0","26r7i55m","-","NVIDIA GeForce RTX 3090","2","finished","2022-11-29T20:41:46.000Z","","10000","NormProblem","NoisyHillsProblem","0.5","soft","function","0.862","0.004","0.134","0","0.862"
"logical-deluge-200","2022-11-29T20:36:57.000Z","143","https://github.com/tidiane-camaret/autoML_switch_opt/tree/557da51baac5dc8e5dec310cea1c7c23bd2c0c96","2022-11-29T20:39:20.000Z","vs2-0","1k96js09","-","NVIDIA GeForce RTX 3090","2","finished","2022-11-29T20:39:20.000Z","","10000","NormProblem","NoisyHillsProblem","0.5","soft","function","0.876","0.006","0.118","0","0.876"
"easy-rain-199","2022-11-29T20:34:31.000Z","143","https://github.com/tidiane-camaret/autoML_switch_opt/tree/557da51baac5dc8e5dec310cea1c7c23bd2c0c96","2022-11-29T20:36:54.000Z","vs2-0","1hwapnrn","-","NVIDIA GeForce RTX 3090","2","finished","2022-11-29T20:36:54.000Z","","10000","NormProblem","NoisyHillsProblem","0.5","soft","function","0.874","0.002","0.124","0","0.874"
"super-brook-198","2022-11-29T20:32:05.000Z","143","https://github.com/tidiane-camaret/autoML_switch_opt/tree/557da51baac5dc8e5dec310cea1c7c23bd2c0c96","2022-11-29T20:34:28.000Z","vs2-0","21f5rc3d","-","NVIDIA GeForce RTX 3090","2","finished","2022-11-29T20:34:28.000Z","","10000","NormProblem","NoisyHillsProblem","0.5","soft","function","0.898","0.004","0.098","0","0.898"
"genial-pyramid-197","2022-11-29T20:28:59.000Z","184","https://github.com/tidiane-camaret/autoML_switch_opt/tree/557da51baac5dc8e5dec310cea1c7c23bd2c0c96","2022-11-29T20:32:03.000Z","vs2-0","xoqajlmu","-","NVIDIA GeForce RTX 3090","2","finished","2022-11-29T20:32:03.000Z","","10000","AckleyProblem","NoisyHillsProblem","0.5","soft","function","0.364","0.002","0.6","0.034","0.364"
"fancy-galaxy-196","2022-11-29T20:25:52.000Z","185","https://github.com/tidiane-camaret/autoML_switch_opt/tree/557da51baac5dc8e5dec310cea1c7c23bd2c0c96","2022-11-29T20:28:57.000Z","vs2-0","33vhtmsb","-","NVIDIA GeForce RTX 3090","2","finished","2022-11-29T20:28:57.000Z","","10000","AckleyProblem","NoisyHillsProblem","0.5","soft","function","0.394","0.004","0.55","0.052","0.394"
"fine-grass-195","2022-11-29T20:22:46.000Z","184","https://github.com/tidiane-camaret/autoML_switch_opt/tree/557da51baac5dc8e5dec310cea1c7c23bd2c0c96","2022-11-29T20:25:50.000Z","vs2-0","1fgbcq8a","-","NVIDIA GeForce RTX 3090","2","finished","2022-11-29T20:25:50.000Z","","10000","AckleyProblem","NoisyHillsProblem","0.5","soft","function","0.322","0.002","0.634","0.042","0.322"
"restful-durian-194","2022-11-29T20:19:41.000Z","183","https://github.com/tidiane-camaret/autoML_switch_opt/tree/557da51baac5dc8e5dec310cea1c7c23bd2c0c96","2022-11-29T20:22:44.000Z","vs2-0","10v452ij","-","NVIDIA GeForce RTX 3090","2","finished","2022-11-29T20:22:44.000Z","","10000","AckleyProblem","NoisyHillsProblem","0.5","soft","function","0.388","0.004","0.566","0.042","0.388"
"zany-butterfly-193","2022-11-29T20:16:36.000Z","183","https://github.com/tidiane-camaret/autoML_switch_opt/tree/557da51baac5dc8e5dec310cea1c7c23bd2c0c96","2022-11-29T20:19:39.000Z","vs2-0","ikys7ezq","-","NVIDIA GeForce RTX 3090","2","finished","2022-11-29T20:19:39.000Z","","10000","AckleyProblem","NoisyHillsProblem","0.5","soft","function","0.366","0","0.594","0.04","0.366"
"floral-star-192","2022-11-29T20:13:49.000Z","164","https://github.com/tidiane-camaret/autoML_switch_opt/tree/557da51baac5dc8e5dec310cea1c7c23bd2c0c96","2022-11-29T20:16:33.000Z","vs2-0","21tnd34v","-","NVIDIA GeForce RTX 3090","2","finished","2022-11-29T20:16:33.000Z","","10000","RastriginProblem","NoisyHillsProblem","0.5","soft","function","0.48","0.014","0.506","0","0.48"
"generous-mountain-191","2022-11-29T20:10:53.000Z","174","https://github.com/tidiane-camaret/autoML_switch_opt/tree/557da51baac5dc8e5dec310cea1c7c23bd2c0c96","2022-11-29T20:13:47.000Z","vs2-0","18vs42u8","-","NVIDIA GeForce RTX 3090","2","finished","2022-11-29T20:13:47.000Z","","10000","RastriginProblem","NoisyHillsProblem","0.5","soft","function","0.456","0.02","0.524","0","0.456"
"rosy-hill-190","2022-11-29T20:08:07.000Z","164","https://github.com/tidiane-camaret/autoML_switch_opt/tree/557da51baac5dc8e5dec310cea1c7c23bd2c0c96","2022-11-29T20:10:51.000Z","vs2-0","1s2hr59t","-","NVIDIA GeForce RTX 3090","2","finished","2022-11-29T20:10:51.000Z","","10000","RastriginProblem","NoisyHillsProblem","0.5","soft","function","0.436","0.01","0.554","0","0.436"
"autumn-planet-189","2022-11-29T19:48:04.000Z","1200","https://github.com/tidiane-camaret/autoML_switch_opt/tree/557da51baac5dc8e5dec310cea1c7c23bd2c0c96","2022-11-29T20:08:04.000Z","vs2-0","1rrm5cmk","-","NVIDIA GeForce RTX 3090","2","finished","2022-11-29T20:08:04.000Z","","10000","RastriginProblem","NoisyHillsProblem","0.5","soft","function","0.442","0.012","0.546","0","0.442"
"worldly-dawn-188","2022-11-29T19:45:16.000Z","165","https://github.com/tidiane-camaret/autoML_switch_opt/tree/557da51baac5dc8e5dec310cea1c7c23bd2c0c96","2022-11-29T19:48:01.000Z","vs2-0","2dq06ow6","-","NVIDIA GeForce RTX 3090","2","finished","2022-11-29T19:48:01.000Z","","10000","RastriginProblem","NoisyHillsProblem","0.5","soft","function","0.444","0.026","0.53","0","0.444"
"rare-wildflower-187","2022-11-29T19:40:41.000Z","273","https://github.com/tidiane-camaret/autoML_switch_opt/tree/557da51baac5dc8e5dec310cea1c7c23bd2c0c96","2022-11-29T19:45:14.000Z","vs2-0","5e4ewy5m","-","NVIDIA GeForce RTX 3090","2","finished","2022-11-29T19:45:14.000Z","","10000","GaussianHillsProblem","NoisyHillsProblem","0.5","soft","function","0.638","0.012","0.28","0.07","0.638"
"frosty-smoke-186","2022-11-29T19:36:04.000Z","275","https://github.com/tidiane-camaret/autoML_switch_opt/tree/557da51baac5dc8e5dec310cea1c7c23bd2c0c96","2022-11-29T19:40:39.000Z","vs2-0","r3xlt7lk","-","NVIDIA GeForce RTX 3090","2","finished","2022-11-29T19:40:39.000Z","","10000","GaussianHillsProblem","NoisyHillsProblem","0.5","soft","function","0.59","0.018","0.328","0.064","0.59"
"flowing-meadow-185","2022-11-29T19:31:28.000Z","274","https://github.com/tidiane-camaret/autoML_switch_opt/tree/557da51baac5dc8e5dec310cea1c7c23bd2c0c96","2022-11-29T19:36:02.000Z","vs2-0","3juy8vmn","-","NVIDIA GeForce RTX 3090","2","finished","2022-11-29T19:36:02.000Z","","10000","GaussianHillsProblem","NoisyHillsProblem","0.5","soft","function","0.606","0.01","0.32","0.064","0.606"
"olive-sunset-184","2022-11-29T19:26:52.000Z","274","https://github.com/tidiane-camaret/autoML_switch_opt/tree/557da51baac5dc8e5dec310cea1c7c23bd2c0c96","2022-11-29T19:31:26.000Z","vs2-0","26olo2p3","-","NVIDIA GeForce RTX 3090","2","finished","2022-11-29T19:31:26.000Z","","10000","GaussianHillsProblem","NoisyHillsProblem","0.5","soft","function","0.716","0.016","0.214","0.054","0.716"
"skilled-eon-183","2022-11-29T19:22:15.000Z","275","https://github.com/tidiane-camaret/autoML_switch_opt/tree/557da51baac5dc8e5dec310cea1c7c23bd2c0c96","2022-11-29T19:26:50.000Z","vs2-0","19bj11f6","-","NVIDIA GeForce RTX 3090","2","finished","2022-11-29T19:26:50.000Z","","10000","GaussianHillsProblem","NoisyHillsProblem","0.5","soft","function","0.616","0.024","0.282","0.078","0.616"
"eager-waterfall-182","2022-11-29T19:19:14.000Z","179","https://github.com/tidiane-camaret/autoML_switch_opt/tree/557da51baac5dc8e5dec310cea1c7c23bd2c0c96","2022-11-29T19:22:13.000Z","vs2-0","1ignhxnp","-","NVIDIA GeForce RTX 3090","2","finished","2022-11-29T19:22:13.000Z","","10000","NoisyHillsProblem","NoisyHillsProblem","0.5","soft","function","0.666","0.012","0.318","0.004","0.666"
"iconic-wind-181","2022-11-29T19:16:15.000Z","177","https://github.com/tidiane-camaret/autoML_switch_opt/tree/557da51baac5dc8e5dec310cea1c7c23bd2c0c96","2022-11-29T19:19:12.000Z","vs2-0","ocn4v7me","-","NVIDIA GeForce RTX 3090","2","finished","2022-11-29T19:19:12.000Z","","10000","NoisyHillsProblem","NoisyHillsProblem","0.5","soft","function","0.674","0.016","0.308","0.002","0.674"
"drawn-bush-180","2022-11-29T19:13:14.000Z","179","https://github.com/tidiane-camaret/autoML_switch_opt/tree/557da51baac5dc8e5dec310cea1c7c23bd2c0c96","2022-11-29T19:16:13.000Z","vs2-0","12z9xmqb","-","NVIDIA GeForce RTX 3090","2","finished","2022-11-29T19:16:13.000Z","","10000","NoisyHillsProblem","NoisyHillsProblem","0.5","soft","function","0.654","0.014","0.33","0.002","0.654"
"eager-firebrand-179","2022-11-29T19:10:16.000Z","176","https://github.com/tidiane-camaret/autoML_switch_opt/tree/557da51baac5dc8e5dec310cea1c7c23bd2c0c96","2022-11-29T19:13:12.000Z","vs2-0","3cjyb1hs","-","NVIDIA GeForce RTX 3090","2","finished","2022-11-29T19:13:12.000Z","","10000","NoisyHillsProblem","NoisyHillsProblem","0.5","soft","function","0.638","0.006","0.354","0.002","0.638"
"treasured-cherry-178","2022-11-29T19:07:14.000Z","180","https://github.com/tidiane-camaret/autoML_switch_opt/tree/557da51baac5dc8e5dec310cea1c7c23bd2c0c96","2022-11-29T19:10:14.000Z","vs2-0","334l1h9z","-","NVIDIA GeForce RTX 3090","2","finished","2022-11-29T19:10:14.000Z","","10000","NoisyHillsProblem","NoisyHillsProblem","0.5","soft","function","0.654","0.002","0.34","0.004","0.654"